{"capybarakv": {"sequential_put": [3.29925712, 280.3296830900456, [0.1098872218509479, 0.1098872218509479]], "sequential_get": [0.29006568, 0.5784277955538497, [0.00022673954036600552, 0.00022673954036600552]], "sequential_update": [2.7383814, 1.3068270797798462, [0.0005122668268793262, 0.0005122668268793262]], "sequential_delete": [1.11943356, 1.3218019422864158, [0.0005181368654005869, 0.0005181368654005869]], "rand_put": [3.3925222, 276.8751577310551, [0.10853307272792723, 0.10853307272792723]], "rand_get": [1.01771396, 0.506849589027138, [0.00019868139763357107, 0.00019868139763357107]], "rand_update": [3.45592548, 1.2313751570249258, [0.00048269021521463173, 0.00048269021521463173]], "rand_delete": [1.99631168, 0.8461142387006318, [0.0003316707029896726, 0.0003316707029896726]]}, "viper": {"sequential_put": [2.4748108, 38.892098708195434, [0.015245423288348992, 0.015245423288348992]], "sequential_get": [0.548808, 0.6527481874193201, [0.00025587260005111023, 0.00025587260005111023]], "sequential_update": [2.90428088, 54.677535082658764, [0.021433200942766906, 0.021433200942766906]], "sequential_delete": [1.13164992, 0.5934546256046281, [0.0002326299497914519, 0.0002326299497914519]], "rand_put": [2.51995352, 40.73074346948234, [0.015966158825740262, 0.015966158825740262]], "rand_get": [1.3155922, 0.6908730291387715, [0.0002708172641119333, 0.0002708172641119333]], "rand_update": [3.18396052, 54.4649670957799, [0.021349875819022923, 0.021349875819022923]], "rand_delete": [1.43788136, 0.7455940026589317, [0.00029226749261002105, 0.00029226749261002105]]}, "pmemrocksdb": {"sequential_put": [4.75526844, 12.933789866657676, [0.005069952709911618, 0.005069952709911618]], "sequential_get": [1.45225336, 1.0825715612591889, [0.00042436027469627824, 0.00042436027469627824]], "sequential_update": [7.32477536, 16.75427004777467, [0.006567553494144285, 0.006567553494144285]], "sequential_delete": [1.53663268, 3.1276094318238727, [0.0012260004281727799, 0.0012260004281727799]], "rand_put": [9.0755972, 19.46930165736564, [0.007631826380007922, 0.007631826380007922]], "rand_get": [2.08816884, 2.9444810480714256, [0.0011542154173569408, 0.0011542154173569408]], "rand_update": [9.75486848, 19.717432313792482, [0.007729091814729472, 0.007729091814729472]], "rand_delete": [2.74205884, 4.196054964160139, [0.0016448234010142393, 0.0016448234010142393]]}, "redis": {"sequential_put": [49.16430196, 49.18105791600053, [0.019278621380756533, 0.019278621380756533]], "sequential_get": [46.0450024, 7.575476336145992, [0.0029695323006819763, 0.0029695323006819763]], "sequential_update": [45.25814884, 5.829632367121549, [0.0022851740071700988, 0.0022851740071700988]], "sequential_delete": [81.24918528, 12.829143591047234, [0.0050289321216610006, 0.0050289321216610006]], "rand_put": [50.14404568, 49.340588681346524, [0.019341156294686357, 0.019341156294686357]], "rand_get": [49.29035096, 5.902117412711024, [0.0023135876243003395, 0.0023135876243003395]], "rand_update": [47.7161684, 4.121230619878377, [0.0016154927956009146, 0.0016154927956009146]], "rand_delete": [86.07308964, 42.27736511372898, [0.016572423399182412, 0.016572423399182412]]}}