{"capybarakv": {"sequential_put": [3.02234984, 456.6806675580366, [0.17901554083685634, 0.17901554083685634]], "sequential_get": [0.50579808, 0.5074304608197467, [0.00019890909520314803, 0.00019890909520314803]], "sequential_update": [2.06310036, 7.023121280281095, [0.002753013086967737, 0.002753013086967737]], "sequential_delete": [1.21062168, 4.537385887427782, [0.0017786226707749986, 0.0017786226707749986]], "rand_put": [3.03013064, 457.7002509163889, [0.17941521018852757, 0.17941521018852757]], "rand_get": [1.09923812, 0.31720567391464355, [0.00012434234533298394, 0.00012434234533298394]], "rand_update": [2.75465864, 7.0930782731860305, [0.0027804357256071555, 0.0027804357256071555]], "rand_delete": [2.03239764, 4.760062862951536, [0.001865910445443486, 0.001865910445443486]]}, "pmemrocksdb": {"sequential_put": [3.49513476, 10.36032823721796, [0.00406117423921204, 0.00406117423921204]], "sequential_get": [1.62625536, 1.109308520337731, [0.0004348409705736689, 0.0004348409705736689]], "sequential_update": [4.11834188, 11.313763994333994, [0.004434914206410845, 0.004434914206410845]], "sequential_delete": [1.39387252, 3.178991815376128, [0.0012461419533884577, 0.0012461419533884577]], "rand_put": [6.84130168, 15.755543069431617, [0.006176059693602909, 0.006176059693602909]], "rand_get": [2.11242156, 3.0564714764786998, [0.0011981148607405068, 0.0011981148607405068]], "rand_update": [7.1942318, 14.392747596408272, [0.005641853658655549, 0.005641853658655549]], "rand_delete": [2.88992632, 4.127263013952861, [0.0016178574507423882, 0.0016178574507423882]]}, "redis": {"sequential_put": [43.76169424, 39.776642493453394, [0.015592158097504694, 0.015592158097504694]], "sequential_get": [46.13146956, 3.8192342240631705, [0.001497112378018528, 0.001497112378018528]], "sequential_update": [43.40105032, 2.8452262343512142, [0.0011153082434347539, 0.0011153082434347539]], "sequential_delete": [77.96730376, 29.77640359917998, [0.011672136293810809, 0.011672136293810809]], "rand_put": [47.57743204, 39.90630389173752, [0.01564298443413037, 0.01564298443413037]], "rand_get": [45.10029232, 6.676249584417988, [0.0026170418741529033, 0.0026170418741529033]], "rand_update": [45.93763724, 4.37766276598854, [0.001716012354641805, 0.001716012354641805]], "rand_delete": [83.11621996, 35.687746348368755, [0.013989340183726995, 0.013989340183726995]]}}