{"capybarakv": {"sequential_put": [1.54495872, 179.93570414197382, [0.19949894167522797, 0.19949894167522797]], 
                "sequential_get": [0.98056384, 0.2879419771687357, [0.00031924803352934017, 0.00031924803352934017]], 
                "sequential_update": [1.77754752, 0.8849865675626052, [0.0009812053948239363, 0.0009812053948239363]], 
                "sequential_delete": [1.0598272, 0.5839334339230814, [0.0006474207141486943, 0.0006474207141486943]], 
                "rand_put": [1.55242368, 186.91054076582694, [0.20723210687138294, 0.20723210687138294]], 
                "rand_get": [1.37897216, 0.5633392259529609, [0.0006245874320367495, 0.0006245874320367495]], 
                "rand_update": [2.13029376, 0.8517594544607041, [0.0009443657140590922, 0.0009443657140590922]], 
                "rand_delete": [1.58708384, 0.7471828313479594, [0.0008284191556235942, 0.0008284191556235942]]}}