{"capybarakv": {"sequential_put": [2.8696464, 277.3823353887867, [0.10873188272613632, 0.10873188272613632]], "sequential_get": [0.41897964, 0.7180131209714653, [0.0002814559851328502, 0.0002814559851328502]], "sequential_update": [3.10043596, 2.4023894456973207, [0.0009417194036740462, 0.0009417194036740462]], "sequential_delete": [1.83453176, 1.2936970621043344, [0.0005071199542778793, 0.0005071199542778793]], "rand_put": [3.8440362, 281.61573470378033, [0.11039134484439073, 0.11039134484439073]], "rand_get": [1.03296968, 0.6303596244167514, [0.000247096444196071, 0.000247096444196071]], "rand_update": [3.65896548, 2.4355041805415967, [0.0009547001418330758, 0.0009547001418330758]], "rand_delete": [2.00965032, 2.189685754420676, [0.0008583410847813333, 0.0008583410847813333]], "rand_list_append": [2.0793996575, 56.82355937297646, [0.005568606509070317, 0.005568606509070317]], "rand_list_len": [0.00872012, 0.24000217043024272, [9.40791266057471e-05, 9.40791266057471e-05]], "rand_list_read": [2.01384792, 1.9319528525327285, [0.0007573116388237544, 0.0007573116388237544]], "rand_list_trim": [5.03893548, 3.189349625750556, [0.0012502021406435304, 0.0012502021406435304]]}, "viper": {"sequential_put": [1.6583342, 30.134699747054317, [0.011812585809732434, 0.011812585809732434]], "sequential_get": [0.41157132, 0.6232447866535429, [0.00024430747890669124, 0.00024430747890669124]], "sequential_update": [2.03592356, 29.505571302399595, [0.011565971979158096, 0.011565971979158096]], "sequential_delete": [0.9876558, 0.47735746547128177, [0.00018712069707438328, 0.00018712069707438328]], "rand_put": [1.63207616, 29.884415644464116, [0.011714476239586658, 0.011714476239586658]], "rand_get": [1.08611548, 0.5182905891962297, [0.00020316618750637616, 0.00020316618750637616]], "rand_update": [2.48903104, 29.43416218234711, [0.011537980117108937, 0.011537980117108937]], "rand_delete": [1.11839604, 0.539183038810618, [0.0002113558776615232, 0.0002113558776615232]]}, "pmemrocksdb": {"sequential_put": [5.29564376, 13.364314755024644, [0.005238715373211633, 0.005238715373211633]], "sequential_get": [1.45172836, 1.2701249990848975, [0.0004978798749186719, 0.0004978798749186719]], "sequential_update": [7.39604724, 17.15258083881634, [0.0067236884627233096, 0.0067236884627233096]], "sequential_delete": [1.60104716, 3.1838849409080203, [0.0012480600234441308, 0.0012480600234441308]], "rand_put": [9.04021548, 19.528945681996177, [0.0076552064091739425, 0.0076552064091739425]], "rand_get": [3.07639656, 3.0635360388006356, [0.0012008841184183439, 0.0012008841184183439]], "rand_update": [9.86126712, 22.44408328574553, [0.008797919407163235, 0.008797919407163235]], "rand_delete": [3.76868384, 4.413337369069435, [0.001729996542757295, 0.001729996542757295]]}, "redis": {"sequential_put": [54.70742916, 40.362672710183546, [0.01582187773235688, 0.01582187773235688]], "sequential_get": [48.90272012, 2.976274903176062, [0.0011666783801445035, 0.0011666783801445035]], "sequential_update": [54.90169556, 12.307657161954637, [0.004824513187877244, 0.004824513187877244]], "sequential_delete": [93.9189362, 34.2776294702327, [0.013436584497938497, 0.013436584497938497]], "rand_put": [55.12325428, 40.48795073492147, [0.01587098581804014, 0.01587098581804014]], "rand_get": [49.4147464, 5.7424399642235455, [0.0022509952116323007, 0.0022509952116323007]], "rand_update": [55.6961136, 70.4067048192149, [0.02759892247934914, 0.02759892247934914]], "rand_delete": [93.05723308, 208.03806988858577, [0.08154942882715943, 0.08154942882715943]], "rand_list_append": [49.375664735, 21.85622501350848, [0.0021418706997025083, 0.0021418706997025083]], "rand_list_len": [40.58940564, 3.413187562606275, [0.0013379450038115692, 0.0013379450038115692]], "rand_list_read": [64.81644564, 6.699878234151702, [0.0026263041351057836, 0.0026263041351057836]], "rand_list_trim": [50.39966272, 83.18651553629408, [0.03260851646883367, 0.03260851646883367]]}}