{"capybarakv": {"sequential_put": [3.84813028, 282.5727201804198, [0.11076647627614111, 0.11076647627614111]], "sequential_get": [0.41897964, 0.7180131209714653, [0.0002814559851328502, 0.0002814559851328502]], "sequential_update": [3.10043596, 2.4023894456973207, [0.0009417194036740462, 0.0009417194036740462]], "sequential_delete": [1.83453176, 1.2936970621043344, [0.0005071199542778793, 0.0005071199542778793]], "rand_put": [3.8440362, 281.61573470378033, [0.11039134484439073, 0.11039134484439073]], "rand_get": [1.03296968, 0.6303596244167514, [0.000247096444196071, 0.000247096444196071]], "rand_update": [3.65896548, 2.4355041805415967, [0.0009547001418330758, 0.0009547001418330758]], "rand_delete": [2.00965032, 2.189685754420676, [0.0008583410847813333, 0.0008583410847813333]], "sequential_list_append": [2.0800325425, 57.06848965525259, [0.005592609235742341, 0.005592609235742341]], "sequential_list_len": [0.00834552, 0.31978886219899255, [0.00012535493658242212, 0.00012535493658242212]], "sequential_list_read": [2.00394588, 1.9876717606447465, [0.000779153050512793, 0.000779153050512793]], "sequential_list_trim": [3.39708544, 2.11300430002674, [0.0008282825055472287, 0.0008282825055472287]], "rand_list_append": [2.0793996575, 56.82355937297646, [0.005568606509070317, 0.005568606509070317]], "rand_list_len": [0.00872012, 0.24000217043024272, [9.40791266057471e-05, 9.40791266057471e-05]], "rand_list_read": [2.01384792, 1.9319528525327285, [0.0007573116388237544, 0.0007573116388237544]], "rand_list_trim": [5.03893548, 3.189349625750556, [0.0012502021406435304, 0.0012502021406435304]]}, "viper": {"sequential_put": [2.41090676, 36.55524963019727, [0.014329395237963283, 0.014329395237963283]], "sequential_get": [0.58742156, 0.6815404092400241, [0.00026715894415818564, 0.00026715894415818564]], "sequential_update": [2.83473216, 53.391261626656984, [0.02092899098874934, 0.02092899098874934]], "sequential_delete": [1.1549734, 0.5742687336812123, [0.00022510921799101524, 0.00022510921799101524]], "rand_put": [2.48951756, 39.67530014257774, [0.015552432624018397, 0.015552432624018397]], "rand_get": [1.33379996, 0.692257673032828, [0.0002713600345709555, 0.0002713600345709555]], "rand_update": [3.24176556, 55.962074547716234, [0.021936731184791558, 0.021936731184791558]], "rand_delete": [1.44459352, 0.6750903792855372, [0.00026463057875369955, 0.00026463057875369955]]}, "pmemrocksdb": {"sequential_put": [5.29564376, 13.364314755024644, [0.005238715373211633, 0.005238715373211633]], "sequential_get": [1.45172836, 1.2701249990848975, [0.0004978798749186719, 0.0004978798749186719]], "sequential_update": [7.39604724, 17.15258083881634, [0.0067236884627233096, 0.0067236884627233096]], "sequential_delete": [1.60104716, 3.1838849409080203, [0.0012480600234441308, 0.0012480600234441308]], "rand_put": [9.04021548, 19.528945681996177, [0.0076552064091739425, 0.0076552064091739425]], "rand_get": [3.07639656, 3.0635360388006356, [0.0012008841184183439, 0.0012008841184183439]], "rand_update": [9.86126712, 22.44408328574553, [0.008797919407163235, 0.008797919407163235]], "rand_delete": [3.76868384, 4.413337369069435, [0.001729996542757295, 0.001729996542757295]]}, "redis": {"sequential_put": [48.86054724, 49.46187449204498, [0.019388699461146075, 0.019388699461146075]], "sequential_get": [47.42945936, 6.1380602412439496, [0.002406075518045725, 0.002406075518045725]], "sequential_update": [44.76036044, 5.440487223148223, [0.00213263190639168, 0.00213263190639168]], "sequential_delete": [80.89606868, 13.614486231029524, [0.005336780794550577, 0.005336780794550577]], "rand_put": [49.26494016, 49.43100803795732, [0.0193766000328921, 0.0193766000328921]], "rand_get": [48.98643584, 5.321105398893166, [0.0020858350889412236, 0.0020858350889412236]], "rand_update": [47.09660996, 5.868525546780254, [0.002300419854179836, 0.002300419854179836]], "rand_delete": [81.142697, 43.75316857119929, [0.01715092775216931, 0.01715092775216931]], "sequential_list_append": [40.985558935, 8.805836333335895, [0.0008629561059692037, 0.0008629561059692037]], "sequential_list_len": [39.17531584, 2.9366807898048535, [0.0011511577721563526, 0.0011511577721563526]], "sequential_list_read": [60.32625044, 6.163839755389219, [0.0024161809023866, 0.0024161809023866]], "sequential_list_trim": [42.30897428, 10.589077224170232, [0.004150842198740179, 0.004150842198740179]], "rand_list_append": [41.4094343575, 8.844824769037308, [0.0008667769024697236, 0.0008667769024697236]], "rand_list_len": [40.47884228, 1.8809636712082918, [0.000737324246053106, 0.000737324246053106]], "rand_list_read": [64.80841212, 4.272634828118762, [0.0016748421575272232, 0.0016748421575272232]], "rand_list_trim": [43.91787208, 20.16336020774316, [0.007903892345559882, 0.007903892345559882]]}}