{"capybarakv": {"sequential_put": [1.4988906, 106.55692123576358, [0.0933995659271023, 0.0933995659271023]], "sequential_get": [0.0044248, 0.0969248318226274, [8.495682039987885e-05, 8.495682039987885e-05]], "sequential_update": [1.1847362, 7.661634112677074, [0.006715596623076525, 0.006715596623076525]], "sequential_delete": [1.1692924, 6.035504731898213, [0.0052902572218938015, 0.0052902572218938015]], "rand_put": [1.5297988, 105.7645931078135, [0.09270507229530289, 0.09270507229530289]], "rand_get": [0.9848962, 0.3761160771865791, [0.00032967429933250525, 0.00032967429933250525]], "rand_update": [2.2845042, 8.732591368649558, [0.007654315025168668, 0.007654315025168668]], "rand_delete": [2.1453732, 6.890620620006029, [0.006039785754066163, 0.006039785754066163]]}, "pmemrocksdb": {"sequential_put": [1.3227586, 9.941456777185053, [0.008713913060773404, 0.008713913060773404]], "sequential_get": [1.0632568, 0.6050288013522415, [0.0005303215104597303, 0.0005303215104597303]], "sequential_update": [1.108251, 1.5618254732391714, [0.0013689755631327571, 0.0013689755631327571]], "sequential_delete": [1.1297582, 8.031445667521922, [0.007039744865131148, 0.007039744865131148]], "rand_put": [1.9789386, 9.815266185148525, [0.008603304135669232, 0.008603304135669232]], "rand_get": [1.127869, 0.7447280240214987, [0.0006527710576722523, 0.0006527710576722523]], "rand_update": [1.8501046, 2.3617237528141724, [0.0020701046050730643, 0.0020701046050730643]], "rand_delete": [2.0729854, 8.773903277769968, [0.0076905258534725185, 0.0076905258534725185]]}, "redis": {"sequential_put": [89.6640202, 27.761605960667065, [0.02433367927766028, 0.02433367927766028]], "sequential_get": [44.73092, 2.9315969150707084, [0.002569611397980509, 0.002569611397980509]], "sequential_update": [42.4732228, 3.396177570205153, [0.002976826912693298, 0.002976826912693298]], "sequential_delete": [81.93442, 12.090797198740676, [0.010597858843695462, 0.010597858843695462]], "rand_put": [89.8596602, 27.917404077328285, [0.024470239871746458, 0.024470239871746458]], "rand_get": [45.4522726, 1.7235168375711616, [0.0015107017228928044, 0.0015107017228928044]], "rand_update": [43.6478162, 4.487008357209329, [0.003932964916913306, 0.003932964916913306]], "rand_delete": [83.5223032, 14.96525078169477, [0.013117382810904132, 0.013117382810904132]]}}