{"capybarakv": {"sequential_put": [3.3175788, 279.1675428468834, [0.1094316712245762, 0.1094316712245762]], "sequential_get": [0.30779288, 0.5897677822112252, [0.0002311847336678996, 0.0002311847336678996]], "sequential_update": [2.72776452, 1.2472456797495997, [0.0004889113461068462, 0.0004889113461068462]], "sequential_delete": [1.13991784, 0.5691700369906304, [0.00022311056551793662, 0.00022311056551793662]], "rand_put": [3.36171168, 281.07430573820005, [0.11017910857957114, 0.11017910857957114]], "rand_get": [1.01771512, 0.4115430734420076, [0.00016132192821705083, 0.00016132192821705083]], "rand_update": [3.41641064, 1.3155810002143256, [0.000515698300800338, 0.000515698300800338]], "rand_delete": [1.95342852, 0.777293278896713, [0.0003046933811641228, 0.0003046933811641228]]}, "viper": {"sequential_put": [2.99543264, 40.912957832134644, [0.016037585546850863, 0.016037585546850863]], "sequential_get": [0.79857048, 0.8456163297117959, [0.0003314755262430191, 0.0003314755262430191]], "sequential_update": [3.82514328, 39.58880098081271, [0.01551852557402622, 0.01551852557402622]], "sequential_delete": [1.61645772, 0.7451541194025488, [0.0002920950615337148, 0.0002920950615337148]], "rand_put": [3.01414792, 41.77128412617892, [0.016374043287802564, 0.016374043287802564]], "rand_get": [2.02927616, 0.6801185521349231, [0.0002666015863876936, 0.0002666015863876936]], "rand_update": [4.4849038, 40.305094734596175, [0.015799307579573707, 0.015799307579573707]], "rand_delete": [2.04103844, 0.6697648426020615, [0.00026254300663319796, 0.00026254300663319796]]}, "pmemrocksdb": {"sequential_put": [3.94433104, 12.483352902175621, [0.004893384655824562, 0.004893384655824562]], "sequential_get": [1.38573228, 0.9812844066236684, [0.00038465643773766267, 0.00038465643773766267]], "sequential_update": [5.36492724, 12.301370022987447, [0.004822048674569146, 0.004822048674569146]], "sequential_delete": [1.54552028, 3.1526621991072687, [0.0012358209329659253, 0.0012358209329659253]], "rand_put": [8.47998468, 15.91708442149844, [0.006239382743080668, 0.006239382743080668]], "rand_get": [2.25780048, 2.608046959812673, [0.001022335671740482, 0.001022335671740482]], "rand_update": [9.83431008, 18.560581882856432, [0.007275614756746762, 0.007275614756746762]], "rand_delete": [3.80052704, 4.052053315912104, [0.0015883757894252781, 0.0015883757894252781]]}, "redis": {"sequential_put": [48.70064372, 40.05752636548894, [0.015702262557439894, 0.015702262557439894]], "sequential_get": [48.8602578, 5.462683647363781, [0.0021413327452250996, 0.0021413327452250996]], "sequential_update": [45.22009908, 2.8865458195339677, [0.0011315052239808665, 0.0011315052239808665]], "sequential_delete": [82.10423756, 12.760696048589974, [0.0050021011767569235, 0.0050021011767569235]], "rand_put": [48.8502786, 40.005821540883424, [0.015681994637652963, 0.015681994637652963]], "rand_get": [49.63454312, 5.1010397596651735, [0.0019995709393398897, 0.0019995709393398897]], "rand_update": [46.67895892, 5.977097925747947, [0.002342979446744664, 0.002342979446744664]], "rand_delete": [84.49467636, 38.75267714377494, [0.015190771036714068, 0.015190771036714068]]}}