{"capybarakv": {"sequential_put": [3.02234984, 456.6806675580366, [0.17901554083685634, 0.17901554083685634]], "sequential_get": [0.50579808, 0.5074304608197467, [0.00019890909520314803, 0.00019890909520314803]], "sequential_update": [2.06310036, 7.023121280281095, [0.002753013086967737, 0.002753013086967737]], "sequential_delete": [1.21062168, 4.537385887427782, [0.0017786226707749986, 0.0017786226707749986]], "rand_put": [3.03013064, 457.7002509163889, [0.17941521018852757, 0.17941521018852757]], "rand_get": [1.09923812, 0.31720567391464355, [0.00012434234533298394, 0.00012434234533298394]], "rand_update": [2.75465864, 7.0930782731860305, [0.0027804357256071555, 0.0027804357256071555]], "rand_delete": [2.03239764, 4.760062862951536, [0.001865910445443486, 0.001865910445443486]]}, "pmemrocksdb": {"sequential_put": [3.49513476, 10.36032823721796, [0.00406117423921204, 0.00406117423921204]], "sequential_get": [1.62625536, 1.109308520337731, [0.0004348409705736689, 0.0004348409705736689]], "sequential_update": [4.11834188, 11.313763994333994, [0.004434914206410845, 0.004434914206410845]], "sequential_delete": [1.39387252, 3.178991815376128, [0.0012461419533884577, 0.0012461419533884577]], "rand_put": [6.84130168, 15.755543069431617, [0.006176059693602909, 0.006176059693602909]], "rand_get": [2.11242156, 3.0564714764786998, [0.0011981148607405068, 0.0011981148607405068]], "rand_update": [7.1942318, 14.392747596408272, [0.005641853658655549, 0.005641853658655549]], "rand_delete": [2.88992632, 4.127263013952861, [0.0016178574507423882, 0.0016178574507423882]]}, "redis": {"sequential_put": [42.3485608, 42.20952601992041, [0.05232253441790391, 0.05232253441790391]], "sequential_get": [36.8629232, 9.174786690794837, [0.011372979933000238, 0.011372979933000238]], "sequential_update": [33.8060704, 16.71152978695652, [0.020715456317638825, 0.020715456317638825]], "sequential_delete": [62.4140504, 30.04913756244141, [0.03724863040625337, 0.03724863040625337]], "rand_put": [42.5981316, 41.19327815243098, [0.05106280304828914, 0.05106280304828914]], "rand_get": [45.3237256, 9.0215754661497, [0.011183060729194949, 0.011183060729194949]], "rand_update": [49.551508, 63.29636173349697, [0.07846157911761509, 0.07846157911761509]], "rand_delete": [86.184956, 123.02757634933674, [0.15250383514971588, 0.15250383514971588]]}}